{"cameraMode":{"drawMode":0,"name":"Shaded","section":"Shading Mode"},"sceneLighting":true,"audioPlay":false,"sceneViewState":{"showFog":true,"showMaterialUpdate":true,"showSkybox":true,"showFlares":true,"showImageEffects":true,"showParticleSystems":true},"in2DMode":false,"pivot":{"x":-131.5166473388672,"y":-76.92529296875,"z":517.9840698242188},"rotation":{"x":0.07021673768758774,"y":-0.12238823622465134,"z":0.008684216067194939,"w":0.9899719953536987},"size":557.234130859375,"orthographic":false}